{
  "source_rois": [
    [
      [
        171,
        69
      ],
      [
        186,
        84
      ]
    ],
    [
      [
        171,
        98
      ],
      [
        183,
        111
      ]
    ],
    [
      [
        171,
        127
      ],
      [
        185,
        142
      ]
    ],
    [
      [
        174,
        156
      ],
      [
        186,
        168
      ]
    ],
    [
      [
        201,
        71
      ],
      [
        211,
        83
      ]
    ],
    [
      [
        202,
        100
      ],
      [
        214,
        112
      ]
    ],
    [
      [
        201,
        127
      ],
      [
        216,
        138
      ]
    ],
    [
      [
        204,
        157
      ],
      [
        211,
        165
      ]
    ]
  ],
  "target_rois": [
    [
      [
        169,
        71
      ],
      [
        185,
        81
      ]
    ],
    [
      [
        173,
        99
      ],
      [
        185,
        109
      ]
    ],
    [
      [
        173,
        128
      ],
      [
        180,
        135
      ]
    ],
    [
      [
        176,
        155
      ],
      [
        186,
        166
      ]
    ],
    [
      [
        201,
        72
      ],
      [
        214,
        81
      ]
    ],
    [
      [
        203,
        101
      ],
      [
        215,
        114
      ]
    ],
    [
      [
        202,
        129
      ],
      [
        215,
        140
      ]
    ],
    [
      [
        206,
        154
      ],
      [
        216,
        168
      ]
    ]
  ],
  "source_colors": [
    [
      91.10666666666667,
      78.21777777777778,
      93.90222222222222
    ],
    [
      73.68589743589743,
      118.83974358974359,
      170.08333333333334
    ],
    [
      187.42380952380952,
      67.4095238095238,
      71.9
    ],
    [
      215.38888888888889,
      199.25,
      186.66666666666666
    ],
    [
      166.66666666666666,
      141.69166666666666,
      155.575
    ],
    [
      203.0,
      93.0,
      93.0
    ],
    [
      130.95151515151514,
      152.13939393939393,
      58.70909090909091
    ],
    [
      206.91071428571428,
      177.23214285714286,
      160.33928571428572
    ]
  ],
  "target_colors": [
    [
      61.86875,
      71.96875,
      111.98125
    ],
    [
      32.06666666666667,
      114.75,
      233.13333333333333
    ],
    [
      157.0204081632653,
      54.02040816326531,
      39.02040816326531
    ],
    [
      162.3181818181818,
      192.3090909090909,
      208.70909090909092
    ],
    [
      125.63247863247864,
      134.22222222222223,
      178.4102564102564
    ],
    [
      169.07692307692307,
      80.26923076923077,
      66.07051282051282
    ],
    [
      87.93706293706293,
      156.27972027972027,
      60.66433566433567
    ],
    [
      159.37857142857143,
      170.0,
      173.9857142857143
    ]
  ]
}